----------------------------------------------------------------------------------------------------------------------------
-- The range of IDs available for the AdvancedCMS module is [ -22,000 to -22,999 ]
----------------------------------------------------------------------------------------------------------------------------

INSERT INTO BLC_ADMIN_PERMISSION (ADMIN_PERMISSION_ID, DESCRIPTION, NAME, PERMISSION_TYPE) VALUES (-22100,'Read Menu','PERMISSION_READ_MENU', 'READ');
INSERT INTO BLC_ADMIN_PERMISSION (ADMIN_PERMISSION_ID, DESCRIPTION, NAME, PERMISSION_TYPE) VALUES (-22101,'All Menu','PERMISSION_ALL_MENU', 'ALL');

INSERT INTO BLC_ADMIN_PERMISSION_ENTITY (ADMIN_PERMISSION_ENTITY_ID, CEILING_ENTITY, ADMIN_PERMISSION_ID) VALUES (-22100, 'com.broadleafcommerce.advancedcms.domain.menu.Menu', -22100);
INSERT INTO BLC_ADMIN_PERMISSION_ENTITY (ADMIN_PERMISSION_ENTITY_ID, CEILING_ENTITY, ADMIN_PERMISSION_ID) VALUES (-22101, 'com.broadleafcommerce.advancedcms.domain.menu.Menu', -22101);

INSERT INTO BLC_ADMIN_PERMISSION_ENTITY (ADMIN_PERMISSION_ENTITY_ID, CEILING_ENTITY, ADMIN_PERMISSION_ID) VALUES (-22102, 'com.broadleafcommerce.advancedcms.domain.menu.MenuItem', -22100);
INSERT INTO BLC_ADMIN_PERMISSION_ENTITY (ADMIN_PERMISSION_ENTITY_ID, CEILING_ENTITY, ADMIN_PERMISSION_ID) VALUES (-22103, 'com.broadleafcommerce.advancedcms.domain.menu.MenuItem', -22101);

-- Friendly permissions
INSERT INTO BLC_ADMIN_PERMISSION (ADMIN_PERMISSION_ID, DESCRIPTION, NAME, PERMISSION_TYPE, IS_FRIENDLY) VALUES (-22102,'View Menus','PERMISSION_MENU', 'READ', TRUE);
INSERT INTO BLC_ADMIN_PERMISSION_XREF (ADMIN_PERMISSION_ID, CHILD_PERMISSION_ID) VALUES (-22102, -22100);

INSERT INTO BLC_ADMIN_PERMISSION (ADMIN_PERMISSION_ID, DESCRIPTION, NAME, PERMISSION_TYPE, IS_FRIENDLY) VALUES (-22103,'Maintain Menus','PERMISSION_MENU', 'ALL', TRUE);
INSERT INTO BLC_ADMIN_PERMISSION_XREF (ADMIN_PERMISSION_ID, CHILD_PERMISSION_ID) VALUES (-22103, -22101);

--
-- Mapping from Roles to permissions
-- Site admins and content editors are allowed to do everything menus
--
INSERT INTO BLC_ADMIN_ROLE_PERMISSION_XREF (ADMIN_ROLE_ID, ADMIN_PERMISSION_ID) VALUES (-1,-22103);
INSERT INTO BLC_ADMIN_ROLE_PERMISSION_XREF (ADMIN_ROLE_ID, ADMIN_PERMISSION_ID) VALUES (-5,-22103);

--
-- Mapping sections and permissions
--
INSERT INTO BLC_ADMIN_SECTION (ADMIN_SECTION_ID, CEILING_ENTITY, ADMIN_MODULE_ID, NAME, SECTION_KEY, URL, USE_DEFAULT_HANDLER) VALUES (-22020, 'com.broadleafcommerce.advancedcms.domain.menu.Menu', -2, 'Menus', 'Menus', '/menu', TRUE);
INSERT INTO BLC_ADMIN_SEC_PERM_XREF (ADMIN_SECTION_ID, ADMIN_PERMISSION_ID) VALUES (-22020,-22102);
INSERT INTO BLC_ADMIN_SEC_PERM_XREF (ADMIN_SECTION_ID, ADMIN_PERMISSION_ID) VALUES (-22020,-22103);